insert into locations (location_id, city, country, street) values (1, 'Novi Sad', 'Serbia', 'Njegoseva, 21');
insert into locations (location_id, city, country, street) values (2, 'Beograd', 'Serbia', 'Omladinskih brigada, 83');
insert into locations (location_id, city, country, street) values (3, 'Kragujevac', 'Serbia', 'Karadjordjeva, 100');

insert into departments (department_id, name, location_id) values (1, 'Business Development', 1);
insert into departments (department_id, name, location_id) values (2, 'Training', 3);
insert into departments (department_id, name, location_id) values (3, 'Research and Development', 2);
insert into departments (department_id, name, location_id) values (4, 'Marketing', 1);
insert into departments (department_id, name, location_id) values (5, 'Sales', 1);
insert into departments (department_id, name, location_id) values (6, 'Accounting', 1);
insert into departments (department_id, name, location_id) values (7, 'Services', 2);
insert into departments (department_id, name, location_id) values (8, 'Human Resources', 3);
insert into departments (department_id, name, location_id) values (9, 'Legal', 2);
insert into departments (department_id, name, location_id) values (10, 'Engineering', 2);

insert into employees (employee_id, first_name, last_name, email, hire_date, phone_number, salary, department_id) values (1, 'Arnaldo', 'Bowling', 'abowling0@ezinearticles.com', '2019-05-13 10:00:14', '+504 (522) 689-2057', 1237, 8);
insert into employees (employee_id, first_name, last_name, email, hire_date, phone_number, salary, department_id) values (2, 'Pamelina', 'Hamments', 'phamments1@princeton.edu', '2019-09-21 09:21:28', '+1 (881) 275-5721', 4488, 8);
insert into employees (employee_id, first_name, last_name, email, hire_date, phone_number, salary, department_id) values (3, 'Alfi', 'Steljes', 'asteljes2@phpbb.com', '2018-08-05 16:51:20', '+7 (849) 360-0552', 1809, 2);
insert into employees (employee_id, first_name, last_name, email, hire_date, phone_number, salary, department_id) values (4, 'Lorne', 'Newbury', 'lnewbury3@dell.com', '2019-06-21 20:35:46', '+92 (680) 247-7376', 4735, 8);
insert into employees (employee_id, first_name, last_name, email, hire_date, phone_number, salary, department_id) values (5, 'Elliot', 'Durbridge', 'edurbridge4@themeforest.net', '2020-01-06 12:39:08', '+46 (213) 808-4658', 903, 1);
insert into employees (employee_id, first_name, last_name, email, hire_date, phone_number, salary, department_id) values (6, 'Patti', 'Bertie', 'pbertie5@yahoo.co.jp', '2019-09-21 08:32:17', '+7 (894) 100-1325', 2074, 6);
insert into employees (employee_id, first_name, last_name, email, hire_date, phone_number, salary, department_id) values (7, 'Chrystel', 'Greenhouse', 'cgreenhouse6@jalbum.net', '2018-12-30 05:57:56', '+48 (215) 660-6222', 3958, 5);
insert into employees (employee_id, first_name, last_name, email, hire_date, phone_number, salary, department_id) values (8, 'Rahel', 'Surmeir', 'rsurmeir7@nih.gov', '2020-02-09 15:59:47', '+86 (762) 369-8850', 4747, 10);
insert into employees (employee_id, first_name, last_name, email, hire_date, phone_number, salary, department_id) values (9, 'Stearn', 'McGuire', 'smcguire8@ning.com', '2019-05-01 09:07:16', '+86 (246) 630-2636', 1598, 9);
insert into employees (employee_id, first_name, last_name, email, hire_date, phone_number, salary, department_id) values (10, 'Albina', 'Gogin', 'agogin9@businessinsider.com', '2019-03-02 14:32:37', '+51 (221) 913-4639', 2765, 5);
insert into employees (employee_id, first_name, last_name, email, hire_date, phone_number, salary, department_id) values (11, 'Fan', 'Necrews', 'fnecrewsa@sciencedirect.com', '2018-08-03 07:35:20', '+63 (387) 395-0858', 2917, 10);
insert into employees (employee_id, first_name, last_name, email, hire_date, phone_number, salary, department_id) values (12, 'Ethyl', 'Botfield', 'ebotfieldb@artisteer.com', '2019-12-25 11:45:14', '+62 (653) 565-1891', 744, 6);
insert into employees (employee_id, first_name, last_name, email, hire_date, phone_number, salary, department_id) values (13, 'Gerald', 'Basnall', 'gbasnallc@cyberchimps.com', '2019-08-28 06:30:16', '+48 (624) 509-9876', 2673, 3);
insert into employees (employee_id, first_name, last_name, email, hire_date, phone_number, salary, department_id) values (14, 'Selma', 'Jinda', 'sjindad@1688.com', '2018-08-12 05:44:46', '+963 (443) 481-8614', 3074, 4);
insert into employees (employee_id, first_name, last_name, email, hire_date, phone_number, salary, department_id) values (15, 'Karly', 'Guyet', 'kguyete@fda.gov', '2019-05-03 05:33:52', '+386 (527) 758-0479', 4425, 1);
insert into employees (employee_id, first_name, last_name, email, hire_date, phone_number, salary, department_id) values (16, 'Berti', 'Fishley', 'bfishleyf@cisco.com', '2019-01-22 01:04:11', '+33 (578) 635-4011', 2481, 5);
insert into employees (employee_id, first_name, last_name, email, hire_date, phone_number, salary, department_id) values (17, 'Salvatore', 'D''Emanuele', 'sdemanueleg@unesco.org', '2020-01-29 17:30:30', '+48 (298) 721-8410', 846, 2);
insert into employees (employee_id, first_name, last_name, email, hire_date, phone_number, salary, department_id) values (18, 'Roxie', 'Jacquot', 'rjacquoth@patch.com', '2019-10-29 06:59:42', '+52 (878) 876-5041', 1334, 3);
insert into employees (employee_id, first_name, last_name, email, hire_date, phone_number, salary, department_id) values (19, 'Flint', 'McLice', 'fmclicei@51.la', '2020-02-08 12:05:28', '+48 (565) 923-3797', 4647, 3);
insert into employees (employee_id, first_name, last_name, email, hire_date, phone_number, salary, department_id) values (20, 'Sibelle', 'Bellham', 'sbellhamj@unesco.org', '2019-07-23 23:37:08', '+66 (663) 256-7413', 670, 4);
insert into employees (employee_id, first_name, last_name, email, hire_date, phone_number, salary, department_id) values (21, 'Elijah', 'Carter', 'ecarterk@smh.com.au', '2018-07-13 13:32:33', '+216 (959) 900-7251', 2537, 8);
insert into employees (employee_id, first_name, last_name, email, hire_date, phone_number, salary, department_id) values (22, 'Collette', 'Swaton', 'cswatonl@nationalgeographic.com', '2018-07-03 23:34:22', '+504 (950) 479-0491', 1078, 2);
insert into employees (employee_id, first_name, last_name, email, hire_date, phone_number, salary, department_id) values (23, 'Yalonda', 'Plet', 'ypletm@bizjournals.com', '2018-12-27 10:39:52', '+93 (471) 486-9575', 1299, 5);
insert into employees (employee_id, first_name, last_name, email, hire_date, phone_number, salary, department_id) values (24, 'Mirabella', 'Cray', 'mcrayn@cocolog-nifty.com', '2018-07-05 20:22:26', '+86 (328) 179-2979', 3201, 3);
insert into employees (employee_id, first_name, last_name, email, hire_date, phone_number, salary, department_id) values (25, 'Kipp', 'Neem', 'kneemo@ezinearticles.com', '2020-01-20 01:21:35', '+62 (425) 158-6533', 4956, 1);
insert into employees (employee_id, first_name, last_name, email, hire_date, phone_number, salary, department_id) values (26, 'Brnaba', 'Stearndale', 'bstearndalep@tmall.com', '2018-07-26 19:04:49', '+48 (604) 106-0215', 1998, 1);
insert into employees (employee_id, first_name, last_name, email, hire_date, phone_number, salary, department_id) values (27, 'Georgetta', 'Chaudret', 'gchaudretq@apple.com', '2019-06-06 03:07:16', '+63 (840) 626-6822', 3797, 10);
insert into employees (employee_id, first_name, last_name, email, hire_date, phone_number, salary, department_id) values (28, 'Aloin', 'Ramm', 'arammr@gizmodo.com', '2019-04-06 13:19:56', '+48 (239) 750-9563', 3246, 1);
insert into employees (employee_id, first_name, last_name, email, hire_date, phone_number, salary, department_id) values (29, 'Witty', 'Stearns', 'wstearnss@wufoo.com', '2019-11-14 14:59:54', '+62 (183) 208-7392', 3022, 10);
insert into employees (employee_id, first_name, last_name, email, hire_date, phone_number, salary, department_id) values (30, 'Obidiah', 'Borell', 'oborellt@auda.org.au', '2019-10-26 16:26:52', '+63 (721) 706-7160', 3480, 2);
insert into employees (employee_id, first_name, last_name, email, hire_date, phone_number, salary, department_id) values (31, 'Linnell', 'Lipman', 'llipmanu@de.vu', '2018-10-07 08:07:31', '+420 (874) 851-8137', 4158, 9);
insert into employees (employee_id, first_name, last_name, email, hire_date, phone_number, salary, department_id) values (32, 'Daren', 'Jiruch', 'djiruchv@bing.com', '2019-05-25 00:38:40', '+234 (922) 961-7754', 4838, 4);
insert into employees (employee_id, first_name, last_name, email, hire_date, phone_number, salary, department_id) values (33, 'Ricki', 'MacRinn', 'rmacrinnw@narod.ru', '2020-01-05 07:01:22', '+420 (885) 644-3430', 3412, 4);
insert into employees (employee_id, first_name, last_name, email, hire_date, phone_number, salary, department_id) values (34, 'Christin', 'Bilsford', 'cbilsfordx@dropbox.com', '2019-11-03 16:04:54', '+86 (121) 721-6506', 3048, 4);
insert into employees (employee_id, first_name, last_name, email, hire_date, phone_number, salary, department_id) values (35, 'Dosi', 'Pirnie', 'dpirniey@hao123.com', '2018-09-05 00:43:55', '+55 (509) 808-7321', 1678, 4);
insert into employees (employee_id, first_name, last_name, email, hire_date, phone_number, salary, department_id) values (36, 'Poppy', 'Lovelace', 'plovelacez@youtube.com', '2019-11-24 11:31:46', '+238 (700) 285-1502', 2377, 7);
insert into employees (employee_id, first_name, last_name, email, hire_date, phone_number, salary, department_id) values (37, 'Eyde', 'Prout', 'eprout10@google.fr', '2019-08-26 16:26:24', '+7 (194) 865-2799', 3251, 5);
insert into employees (employee_id, first_name, last_name, email, hire_date, phone_number, salary, department_id) values (38, 'Evangelia', 'Burcher', 'eburcher11@patch.com', '2019-05-20 05:10:28', '+1 (150) 435-5221', 1059, 2);
insert into employees (employee_id, first_name, last_name, email, hire_date, phone_number, salary, department_id) values (39, 'Glynis', 'Cockerton', 'gcockerton12@livejournal.com', '2019-02-12 08:51:05', '+86 (437) 103-4135', 3505, 2);
insert into employees (employee_id, first_name, last_name, email, hire_date, phone_number, salary, department_id) values (40, 'Delainey', 'Chmiel', 'dchmiel13@telegraph.co.uk', '2020-01-30 12:12:58', '+86 (433) 678-3877', 2780, 7);
insert into employees (employee_id, first_name, last_name, email, hire_date, phone_number, salary, department_id) values (41, 'Clementine', 'Skewis', 'cskewis14@livejournal.com', '2018-10-30 12:28:08', '+7 (810) 486-2936', 2799, 5);
insert into employees (employee_id, first_name, last_name, email, hire_date, phone_number, salary, department_id) values (42, 'Gael', 'Larvor', 'glarvor15@sun.com', '2020-01-19 12:29:06', '+504 (261) 307-3828', 4089, 7);
insert into employees (employee_id, first_name, last_name, email, hire_date, phone_number, salary, department_id) values (43, 'Ramon', 'Bates', 'rbates16@fda.gov', '2018-08-25 05:30:14', '+33 (348) 646-0300', 2485, 5);
insert into employees (employee_id, first_name, last_name, email, hire_date, phone_number, salary, department_id) values (44, 'Trever', 'Frank', 'tfrank17@netscape.com', '2019-06-08 21:05:32', '+509 (758) 812-8037', 953, 5);
insert into employees (employee_id, first_name, last_name, email, hire_date, phone_number, salary, department_id) values (45, 'Son', 'Hornig', 'shornig18@ox.ac.uk', '2018-12-18 12:21:24', '+51 (317) 702-9001', 2370, 9);
insert into employees (employee_id, first_name, last_name, email, hire_date, phone_number, salary, department_id) values (46, 'Turner', 'Scough', 'tscough19@comcast.net', '2019-12-11 03:01:52', '+47 (206) 561-9322', 2496, 8);
insert into employees (employee_id, first_name, last_name, email, hire_date, phone_number, salary, department_id) values (47, 'Maxy', 'Trumble', 'mtrumble1a@jigsy.com', '2019-11-23 17:04:54', '+86 (992) 260-2220', 1247, 3);
insert into employees (employee_id, first_name, last_name, email, hire_date, phone_number, salary, department_id) values (48, 'Frants', 'Banbridge', 'fbanbridge1b@msu.edu', '2018-10-17 10:50:18', '+54 (525) 175-6403', 1333, 1);
insert into employees (employee_id, first_name, last_name, email, hire_date, phone_number, salary, department_id) values (49, 'Casey', 'Ivers', 'civers1c@51.la', '2018-09-01 15:41:31', '+7 (696) 543-4842', 1416, 10);
insert into employees (employee_id, first_name, last_name, email, hire_date, phone_number, salary, department_id) values (50, 'Annecorinne', 'Linskey', 'alinskey1d@t.co', '2019-01-06 00:17:50', '+62 (659) 910-4156', 2444, 4);
insert into employees (employee_id, first_name, last_name, email, hire_date, phone_number, salary, department_id) values (51, 'Franky', 'Dalby', 'fdalby1e@oracle.com', '2019-02-03 08:09:45', '+86 (996) 470-4649', 1867, 6);
insert into employees (employee_id, first_name, last_name, email, hire_date, phone_number, salary, department_id) values (52, 'Gracie', 'Di Francecshi', 'gdifrancecshi1f@about.me', '2018-09-17 07:57:45', '+353 (913) 357-7950', 815, 7);
insert into employees (employee_id, first_name, last_name, email, hire_date, phone_number, salary, department_id) values (53, 'Stacy', 'Vesty', 'svesty1g@tiny.cc', '2018-12-09 01:47:09', '+48 (481) 315-8569', 3550, 3);
insert into employees (employee_id, first_name, last_name, email, hire_date, phone_number, salary, department_id) values (54, 'Blair', 'Niaves', 'bniaves1h@flavors.me', '2018-11-27 23:50:19', '+242 (776) 114-5842', 4412, 10);
insert into employees (employee_id, first_name, last_name, email, hire_date, phone_number, salary, department_id) values (55, 'Meredith', 'McQuaide', 'mmcquaide1i@indiatimes.com', '2020-01-28 23:21:15', '+685 (448) 362-0784', 2678, 1);
insert into employees (employee_id, first_name, last_name, email, hire_date, phone_number, salary, department_id) values (56, 'Huntlee', 'Duesberry', 'hduesberry1j@elegantthemes.com', '2018-11-11 23:27:38', '+86 (933) 732-9937', 1526, 7);
insert into employees (employee_id, first_name, last_name, email, hire_date, phone_number, salary, department_id) values (57, 'Camilla', 'Bottle', 'cbottle1k@sphinn.com', '2019-07-17 18:35:58', '+503 (304) 597-7118', 1537, 4);
insert into employees (employee_id, first_name, last_name, email, hire_date, phone_number, salary, department_id) values (58, 'Sigvard', 'Port', 'sport1l@github.io', '2018-07-02 18:22:27', '+7 (435) 641-5741', 2282, 10);
insert into employees (employee_id, first_name, last_name, email, hire_date, phone_number, salary, department_id) values (59, 'Lesli', 'Leake', 'lleake1m@bluehost.com', '2019-02-17 13:17:57', '+86 (437) 587-5219', 3534, 2);
insert into employees (employee_id, first_name, last_name, email, hire_date, phone_number, salary, department_id) values (60, 'Kamilah', 'Gorthy', 'kgorthy1n@usatoday.com', '2018-12-07 10:50:02', '+55 (828) 682-3626', 2442, 2);
insert into employees (employee_id, first_name, last_name, email, hire_date, phone_number, salary, department_id) values (61, 'Coleman', 'Gurnay', 'cgurnay1o@japanpost.jp', '2018-11-24 11:56:27', '+86 (660) 255-2025', 3027, 7);
insert into employees (employee_id, first_name, last_name, email, hire_date, phone_number, salary, department_id) values (62, 'Nicki', 'Goudard', 'ngoudard1p@independent.co.uk', '2019-11-17 03:00:21', '+86 (479) 125-9928', 1363, 6);
insert into employees (employee_id, first_name, last_name, email, hire_date, phone_number, salary, department_id) values (63, 'Cecilio', 'Espada', 'cespada1q@slate.com', '2018-11-18 14:12:09', '+1 (772) 524-9547', 1665, 2);
insert into employees (employee_id, first_name, last_name, email, hire_date, phone_number, salary, department_id) values (64, 'Flor', 'Orhrt', 'forhrt1r@goo.ne.jp', '2018-12-30 11:28:05', '+86 (576) 500-2279', 4840, 10);
insert into employees (employee_id, first_name, last_name, email, hire_date, phone_number, salary, department_id) values (65, 'Leopold', 'Swire', 'lswire1s@example.com', '2019-01-08 03:19:47', '+55 (428) 502-1471', 1258, 3);
insert into employees (employee_id, first_name, last_name, email, hire_date, phone_number, salary, department_id) values (66, 'Rosanna', 'Montrose', 'rmontrose1t@over-blog.com', '2019-05-03 23:46:22', '+268 (678) 207-9021', 2730, 9);
insert into employees (employee_id, first_name, last_name, email, hire_date, phone_number, salary, department_id) values (67, 'Erda', 'Helis', 'ehelis1u@mac.com', '2019-04-29 14:42:07', '+62 (606) 286-8248', 973, 2);
insert into employees (employee_id, first_name, last_name, email, hire_date, phone_number, salary, department_id) values (68, 'Thorny', 'Juan', 'tjuan1v@360.cn', '2019-08-03 13:38:16', '+63 (849) 864-1192', 2605, 10);
insert into employees (employee_id, first_name, last_name, email, hire_date, phone_number, salary, department_id) values (69, 'Penn', 'Robberecht', 'probberecht1w@dell.com', '2019-07-26 19:56:08', '+86 (446) 931-8556', 4132, 4);
insert into employees (employee_id, first_name, last_name, email, hire_date, phone_number, salary, department_id) values (70, 'Gare', 'Junkin', 'gjunkin1x@lycos.com', '2019-07-09 04:08:07', '+62 (203) 507-6501', 1865, 5);
insert into employees (employee_id, first_name, last_name, email, hire_date, phone_number, salary, department_id) values (71, 'Gilligan', 'Hawley', 'ghawley1y@statcounter.com', '2018-07-22 18:02:55', '+372 (208) 820-0363', 4512, 4);
insert into employees (employee_id, first_name, last_name, email, hire_date, phone_number, salary, department_id) values (72, 'Arley', 'Rubery', 'arubery1z@amazon.co.uk', '2019-12-20 01:00:55', '+7 (442) 334-4457', 1302, 8);
insert into employees (employee_id, first_name, last_name, email, hire_date, phone_number, salary, department_id) values (73, 'Hyatt', 'Jozefczak', 'hjozefczak20@bbb.org', '2019-02-13 06:37:54', '+51 (300) 576-9942', 4239, 9);
insert into employees (employee_id, first_name, last_name, email, hire_date, phone_number, salary, department_id) values (74, 'Teirtza', 'Spencook', 'tspencook21@pcworld.com', '2019-09-04 15:33:50', '+54 (938) 806-6732', 3021, 10);
insert into employees (employee_id, first_name, last_name, email, hire_date, phone_number, salary, department_id) values (75, 'Laurene', 'Wraggs', 'lwraggs22@acquirethisname.com', '2019-12-07 16:19:21', '+7 (177) 730-2755', 4623, 9);
insert into employees (employee_id, first_name, last_name, email, hire_date, phone_number, salary, department_id) values (76, 'Meryl', 'Scholl', 'mscholl23@sfgate.com', '2019-05-13 23:13:57', '+98 (123) 504-3680', 2730, 8);
insert into employees (employee_id, first_name, last_name, email, hire_date, phone_number, salary, department_id) values (77, 'Clarisse', 'Elsley', 'celsley24@google.es', '2020-01-24 08:10:44', '+355 (313) 365-9589', 3712, 2);
insert into employees (employee_id, first_name, last_name, email, hire_date, phone_number, salary, department_id) values (78, 'Nissie', 'Southern', 'nsouthern25@bing.com', '2020-01-13 11:15:07', '+54 (737) 747-7551', 4399, 10);
insert into employees (employee_id, first_name, last_name, email, hire_date, phone_number, salary, department_id) values (79, 'Colleen', 'Creane', 'ccreane26@vk.com', '2018-10-23 18:56:22', '+380 (267) 542-9788', 583, 6);
insert into employees (employee_id, first_name, last_name, email, hire_date, phone_number, salary, department_id) values (80, 'Deirdre', 'Purches', 'dpurches27@jigsy.com', '2019-01-24 17:08:28', '+231 (534) 835-4747', 1017, 3);
insert into employees (employee_id, first_name, last_name, email, hire_date, phone_number, salary, department_id) values (81, 'Stephie', 'Reggiani', 'sreggiani28@posterous.com', '2019-06-25 05:13:08', '+46 (443) 301-2177', 1905, 6);
insert into employees (employee_id, first_name, last_name, email, hire_date, phone_number, salary, department_id) values (82, 'Ollie', 'Blackaller', 'oblackaller29@is.gd', '2019-07-12 21:04:48', '+63 (951) 300-7363', 3684, 6);
insert into employees (employee_id, first_name, last_name, email, hire_date, phone_number, salary, department_id) values (83, 'Ugo', 'Inker', 'uinker2a@answers.com', '2018-09-16 16:21:14', '+62 (221) 441-2210', 2762, 2);
insert into employees (employee_id, first_name, last_name, email, hire_date, phone_number, salary, department_id) values (84, 'Henrieta', 'Eary', 'heary2b@tripadvisor.com', '2019-06-02 23:42:24', '+86 (732) 115-5737', 4006, 1);
insert into employees (employee_id, first_name, last_name, email, hire_date, phone_number, salary, department_id) values (85, 'Tonnie', 'McKeand', 'tmckeand2c@vinaora.com', '2019-10-14 01:56:00', '+86 (172) 289-5004', 704, 7);
insert into employees (employee_id, first_name, last_name, email, hire_date, phone_number, salary, department_id) values (86, 'Baillie', 'Ansteys', 'bansteys2d@guardian.co.uk', '2019-01-27 20:39:50', '+48 (893) 813-5757', 4662, 6);
insert into employees (employee_id, first_name, last_name, email, hire_date, phone_number, salary, department_id) values (87, 'Nappy', 'Willcot', 'nwillcot2e@google.co.jp', '2019-08-27 19:01:46', '+63 (952) 327-1130', 1368, 1);
insert into employees (employee_id, first_name, last_name, email, hire_date, phone_number, salary, department_id) values (88, 'Zebadiah', 'Thunder', 'zthunder2f@stumbleupon.com', '2019-02-23 04:01:01', '+62 (820) 594-9050', 4309, 5);
insert into employees (employee_id, first_name, last_name, email, hire_date, phone_number, salary, department_id) values (89, 'Tommie', 'Tong', 'ttong2g@privacy.gov.au', '2019-07-21 13:07:49', '+84 (217) 596-6035', 4985, 9);
insert into employees (employee_id, first_name, last_name, email, hire_date, phone_number, salary, department_id) values (90, 'Clarie', 'Laroze', 'claroze2h@howstuffworks.com', '2018-11-08 22:13:07', '+81 (836) 125-2713', 1413, 8);
insert into employees (employee_id, first_name, last_name, email, hire_date, phone_number, salary, department_id) values (91, 'Sayer', 'Blincowe', 'sblincowe2i@bandcamp.com', '2019-10-22 12:36:19', '+380 (159) 920-1663', 2563, 5);
insert into employees (employee_id, first_name, last_name, email, hire_date, phone_number, salary, department_id) values (92, 'Sandye', 'Littlefair', 'slittlefair2j@newsvine.com', '2019-05-12 03:00:22', '+7 (395) 945-8741', 4488, 8);
insert into employees (employee_id, first_name, last_name, email, hire_date, phone_number, salary, department_id) values (93, 'Bethina', 'Zottoli', 'bzottoli2k@gmpg.org', '2019-05-23 08:12:48', '+86 (602) 942-6870', 4190, 1);
insert into employees (employee_id, first_name, last_name, email, hire_date, phone_number, salary, department_id) values (94, 'Maximilian', 'Farquharson', 'mfarquharson2l@1688.com', '2019-04-05 12:33:22', '+420 (557) 171-5834', 3737, 8);
insert into employees (employee_id, first_name, last_name, email, hire_date, phone_number, salary, department_id) values (95, 'Dasya', 'Fair', 'dfair2m@goo.gl', '2018-07-27 19:51:39', '+63 (625) 934-3419', 4563, 3);
insert into employees (employee_id, first_name, last_name, email, hire_date, phone_number, salary, department_id) values (96, 'Estrellita', 'Alcido', 'ealcido2n@biblegateway.com', '2019-03-08 18:07:57', '+46 (800) 993-7571', 4434, 3);
insert into employees (employee_id, first_name, last_name, email, hire_date, phone_number, salary, department_id) values (97, 'Leontyne', 'Porcas', 'lporcas2o@google.co.jp', '2018-11-19 13:50:31', '+55 (932) 159-6353', 3833, 6);
insert into employees (employee_id, first_name, last_name, email, hire_date, phone_number, salary, department_id) values (98, 'Cordy', 'Bolver', 'cbolver2p@wordpress.com', '2020-02-05 06:14:21', '+62 (930) 919-1340', 3451, 10);
insert into employees (employee_id, first_name, last_name, email, hire_date, phone_number, salary, department_id) values (99, 'Koral', 'Mangenot', 'kmangenot2q@unesco.org', '2018-10-07 03:34:51', '+963 (790) 513-9645', 2577, 9);
insert into employees (employee_id, first_name, last_name, email, hire_date, phone_number, salary, department_id) values (100, 'Darryl', 'Strettell', 'dstrettell2r@blinklist.com', '2020-01-25 00:52:16', '+33 (995) 985-9604', 3043, 10);